{
  "pythia-70m": {
    "h0_n_features": {
      "mean": 199.0,
      "std": 0.0,
      "min": 199.0,
      "max": 199.0,
      "range": 0.0,
      "spearman_rho_vs_ppl": NaN,
      "spearman_p_vs_ppl": NaN,
      "pearson_r_vs_ppl": NaN,
      "pearson_p_vs_ppl": NaN
    },
    "h1_n_features": {
      "mean": 112.10526315789474,
      "std": 17.164512769518346,
      "min": 81.0,
      "max": 132.0,
      "range": 51.0,
      "spearman_rho_vs_ppl": 0.8809838355084595,
      "spearman_p_vs_ppl": 6.366553918726768e-07,
      "pearson_r_vs_ppl": 0.7906173225117045,
      "pearson_p_vs_ppl": 5.597973672010676e-05
    },
    "h0_total_persistence": {
      "mean": 1426.3770823588497,
      "std": 749.1277406856699,
      "min": 355.37244513630867,
      "max": 2864.8861656188965,
      "range": 2509.513720482588,
      "spearman_rho_vs_ppl": -0.7301448706405247,
      "spearman_p_vs_ppl": 0.0003863283340124807,
      "pearson_r_vs_ppl": -0.5313010059335939,
      "pearson_p_vs_ppl": 0.01923809859025404
    },
    "h1_total_persistence": {
      "mean": 37.025933384895325,
      "std": 21.81543439998402,
      "min": 8.018200874328613,
      "max": 82.27490139007568,
      "range": 74.25670051574707,
      "spearman_rho_vs_ppl": -0.7661255673908389,
      "spearman_p_vs_ppl": 0.00013096027049642556,
      "pearson_r_vs_ppl": -0.5771089070485618,
      "pearson_p_vs_ppl": 0.009678416832811591
    },
    "h0_persistence_entropy": {
      "mean": 5.265315715843226,
      "std": 0.008802348348082389,
      "min": 5.246889150204585,
      "max": 5.277567342999066,
      "range": 0.030678192794480807,
      "spearman_rho_vs_ppl": -0.6994296417073295,
      "spearman_p_vs_ppl": 0.0008595051857800436,
      "pearson_r_vs_ppl": -0.683976148586781,
      "pearson_p_vs_ppl": 0.0012404532453960096
    },
    "h1_persistence_entropy": {
      "mean": 4.3602801130545075,
      "std": 0.18118409828811527,
      "min": 4.034157560833101,
      "max": 4.590051570258838,
      "range": 0.555894009425737,
      "spearman_rho_vs_ppl": 0.8591488321599441,
      "spearman_p_vs_ppl": 2.4666178777925846e-06,
      "pearson_r_vs_ppl": 0.8007876831138955,
      "pearson_p_vs_ppl": 3.805360014439514e-05
    },
    "h0_max_persistence": {
      "mean": 13.337457305506655,
      "std": 7.455641094957731,
      "min": 3.6730785369873047,
      "max": 32.28234100341797,
      "range": 28.609262466430664,
      "spearman_rho_vs_ppl": -0.7196139350062861,
      "spearman_p_vs_ppl": 0.0005140343096140759,
      "pearson_r_vs_ppl": -0.44999350650397946,
      "pearson_p_vs_ppl": 0.053212631821663935
    },
    "h1_max_persistence": {
      "mean": 1.703841021186427,
      "std": 1.3452982187944074,
      "min": 0.27229976654052734,
      "max": 4.2744340896606445,
      "range": 4.002134323120117,
      "spearman_rho_vs_ppl": -0.8021062641411532,
      "spearman_p_vs_ppl": 3.613867074898396e-05,
      "pearson_r_vs_ppl": -0.6238198365913192,
      "pearson_p_vs_ppl": 0.004313860580501016
    },
    "effective_rank": {
      "mean": 51.784945256790046,
      "std": 18.116917499467803,
      "min": 20.81500209926187,
      "max": 72.32690163268562,
      "range": 51.511899533423744,
      "spearman_rho_vs_ppl": 0.5557506584723442,
      "spearman_p_vs_ppl": 0.013489611843427323,
      "pearson_r_vs_ppl": 0.7872477252133825,
      "pearson_p_vs_ppl": 6.332725722097824e-05
    },
    "participation_ratio": {
      "mean": 26.650552699852256,
      "std": 12.774010284770428,
      "min": 5.404932616362734,
      "max": 42.16048702678696,
      "range": 36.755554410424224,
      "spearman_rho_vs_ppl": 0.5452151009657594,
      "spearman_p_vs_ppl": 0.015768584794784546,
      "pearson_r_vs_ppl": 0.8468019508592374,
      "pearson_p_vs_ppl": 4.821043904805158e-06
    },
    "eigenspectrum_decay_alpha": {
      "mean": 0.9740327748052976,
      "std": 0.20918669672126863,
      "min": 0.7295556660274157,
      "max": 1.3279775644741705,
      "range": 0.5984218984467548,
      "spearman_rho_vs_ppl": -0.6312554872695347,
      "spearman_p_vs_ppl": 0.0037490727169895667,
      "pearson_r_vs_ppl": -0.8536471332138552,
      "pearson_p_vs_ppl": 3.349872669306474e-06
    },
    "perplexity": {
      "mean": 20610.79493538704,
      "std": 25735.53270471212,
      "min": 59.69690210971986,
      "max": 59994.03686894836,
      "range": 59934.33996683864
    }
  },
  "pythia-160m": {
    "h0_n_features": {
      "mean": 199.0,
      "std": 0.0,
      "min": 199.0,
      "max": 199.0,
      "range": 0.0,
      "spearman_rho_vs_ppl": NaN,
      "spearman_p_vs_ppl": NaN,
      "pearson_r_vs_ppl": NaN,
      "pearson_p_vs_ppl": NaN
    },
    "h1_n_features": {
      "mean": 108.78947368421052,
      "std": 13.983369623906148,
      "min": 84.0,
      "max": 134.0,
      "range": 50.0,
      "spearman_rho_vs_ppl": 0.8135456737380045,
      "spearman_p_vs_ppl": 2.2712281897817594e-05,
      "pearson_r_vs_ppl": 0.6563220811670779,
      "pearson_p_vs_ppl": 0.0022736665526671986
    },
    "h0_total_persistence": {
      "mean": 1507.3307653665543,
      "std": 595.8150094490475,
      "min": 406.98027789592743,
      "max": 2624.1035556793213,
      "range": 2217.123277783394,
      "spearman_rho_vs_ppl": -0.7275121367319649,
      "spearman_p_vs_ppl": 0.0004154162902960925,
      "pearson_r_vs_ppl": -0.3665270250696253,
      "pearson_p_vs_ppl": 0.12271395588563264
    },
    "h1_total_persistence": {
      "mean": 43.365032716801295,
      "std": 21.20521827925087,
      "min": 8.61901843547821,
      "max": 83.01866722106934,
      "range": 74.39964878559113,
      "spearman_rho_vs_ppl": -0.7520843198785211,
      "spearman_p_vs_ppl": 0.00020402141535400973,
      "pearson_r_vs_ppl": -0.5120375194348461,
      "pearson_p_vs_ppl": 0.025011269303446167
    },
    "h0_persistence_entropy": {
      "mean": 5.26019567184987,
      "std": 0.008892972534297673,
      "min": 5.2468506363800795,
      "max": 5.277178306456452,
      "range": 0.030327670076372826,
      "spearman_rho_vs_ppl": -0.5677929462793503,
      "spearman_p_vs_ppl": 0.011216285086391624,
      "pearson_r_vs_ppl": -0.7017948572055921,
      "pearson_p_vs_ppl": 0.0008109783924120985
    },
    "h1_persistence_entropy": {
      "mean": 4.338536304882539,
      "std": 0.14678332998467078,
      "min": 4.134640644720666,
      "max": 4.614285057957746,
      "range": 0.4796444132370796,
      "spearman_rho_vs_ppl": 0.841597272769547,
      "spearman_p_vs_ppl": 6.285909714531259e-06,
      "pearson_r_vs_ppl": 0.6562050563295682,
      "pearson_p_vs_ppl": 0.0022792156482813884
    },
    "h0_max_persistence": {
      "mean": 14.82791468971654,
      "std": 5.986696326545237,
      "min": 4.446529865264893,
      "max": 29.215505599975586,
      "range": 24.768975734710693,
      "spearman_rho_vs_ppl": -0.6555507432313364,
      "spearman_p_vs_ppl": 0.0023104494952614955,
      "pearson_r_vs_ppl": -0.32528139055219846,
      "pearson_p_vs_ppl": 0.17417482961942385
    },
    "h1_max_persistence": {
      "mean": 1.831729255224529,
      "std": 1.2745272201140156,
      "min": 0.2980583906173706,
      "max": 3.8893566131591797,
      "range": 3.591298222541809,
      "spearman_rho_vs_ppl": -0.7968407963240342,
      "spearman_p_vs_ppl": 4.431496364590304e-05,
      "pearson_r_vs_ppl": -0.5888910227503933,
      "pearson_p_vs_ppl": 0.007982294641851073
    },
    "effective_rank": {
      "mean": 52.668920594995576,
      "std": 17.26873318202001,
      "min": 24.74809099327585,
      "max": 73.46308780641506,
      "range": 48.71499681313921,
      "spearman_rho_vs_ppl": 0.48375768217734855,
      "spearman_p_vs_ppl": 0.03585711180077913,
      "pearson_r_vs_ppl": 0.7802159115597561,
      "pearson_p_vs_ppl": 8.13553677800652e-05
    },
    "participation_ratio": {
      "mean": 25.165204740454612,
      "std": 10.528402323652854,
      "min": 8.493759432979745,
      "max": 39.122102165207146,
      "range": 30.628342732227402,